{"cameraMode":{"drawMode":0,"name":"Shaded","section":"Shading Mode"},"sceneLighting":true,"audioPlay":false,"sceneViewState":{"m_AlwaysRefresh":false,"showFog":true,"showSkybox":true,"showFlares":true,"showImageEffects":true,"showParticleSystems":true,"showVisualEffectGraphs":true,"m_FxEnabled":true},"in2DMode":false,"pivot":{"x":17.66876220703125,"y":-3.530637741088867,"z":11.758886337280274},"rotation":{"x":0.007809564005583525,"y":-0.7906038165092468,"z":-0.009880906902253628,"w":-0.6125630140304565},"size":10.907313346862793,"orthographic":false}