{"cameraMode":{"drawMode":0,"name":"Shaded","section":"Shading Mode"},"sceneLighting":true,"audioPlay":false,"sceneViewState":{"m_AlwaysRefresh":false,"showFog":true,"showSkybox":true,"showFlares":true,"showImageEffects":true,"showParticleSystems":true,"showVisualEffectGraphs":true,"m_FxEnabled":true},"in2DMode":false,"pivot":{"x":-4.149982452392578,"y":2.2299020290374758,"z":767.0303955078125},"rotation":{"x":0.025659196078777314,"y":-0.1127861887216568,"z":0.002773384330794215,"w":0.9933748841285706},"size":13.390849113464356,"orthographic":false}