{"cameraMode":{"drawMode":0,"name":"Shaded","section":"Shading Mode"},"sceneLighting":true,"audioPlay":false,"sceneViewState":{"m_AlwaysRefresh":false,"showFog":true,"showSkybox":true,"showFlares":true,"showImageEffects":true,"showParticleSystems":true,"showVisualEffectGraphs":true,"m_FxEnabled":true},"in2DMode":false,"pivot":{"x":1.017374038696289,"y":0.9528931379318237,"z":586.0491943359375},"rotation":{"x":-0.0039002550765872,"y":0.11549513041973114,"z":-0.00030386605067178607,"w":-0.9933915734291077},"size":13.390849113464356,"orthographic":false}