{"cameraMode":{"drawMode":0,"name":"Shaded","section":"Shading Mode"},"sceneLighting":true,"audioPlay":false,"sceneViewState":{"m_AlwaysRefresh":false,"showFog":true,"showSkybox":true,"showFlares":true,"showImageEffects":true,"showParticleSystems":true,"showVisualEffectGraphs":true,"m_FxEnabled":true},"in2DMode":false,"pivot":{"x":0.5652604103088379,"y":-0.9190120697021484,"z":390.3190612792969},"rotation":{"x":-0.05291949585080147,"y":-0.9350736141204834,"z":0.31489115953445437,"w":-0.15560859441757203},"size":12.447056770324707,"orthographic":false}