{"cameraMode":{"drawMode":0,"name":"Shaded","section":"Shading Mode"},"sceneLighting":false,"audioPlay":false,"sceneViewState":{"m_AlwaysRefresh":false,"showFog":true,"showSkybox":false,"showFlares":true,"showImageEffects":true,"showParticleSystems":true,"showVisualEffectGraphs":true,"m_FxEnabled":true},"in2DMode":false,"pivot":{"x":0.0040874481201171879,"y":0.0021953582763671877,"z":25.48814582824707},"rotation":{"x":0.15219879150390626,"y":0.38312363624572756,"z":-0.06418651342391968,"w":0.9090185165405273},"size":1.4327645301818848,"orthographic":false}