{"cameraMode":{"drawMode":0,"name":"Shaded","section":"Shading Mode"},"sceneLighting":false,"audioPlay":false,"sceneViewState":{"m_AlwaysRefresh":false,"showFog":true,"showSkybox":false,"showFlares":true,"showImageEffects":true,"showParticleSystems":true,"showVisualEffectGraphs":true,"m_FxEnabled":true},"in2DMode":false,"pivot":{"x":21.50105094909668,"y":6.1967363357543949,"z":19.212787628173829},"rotation":{"x":0.002509130397811532,"y":0.9860626459121704,"z":0.015391252934932709,"w":-0.16681599617004395},"size":4.436453819274902,"orthographic":false}